{
  "id": "",
  "name": "",
  "font_family": "iconfont",
  "css_prefix_text": "icon-",
  "description": "",
  "glyphs": [
    {
      "icon_id": "287167",
      "name": "右箭头",
      "font_class": "youjiantou",
      "unicode": "e62b",
      "unicode_decimal": 58923
    },
    {
      "icon_id": "1170176",
      "name": "左箭头",
      "font_class": "zuojiantou",
      "unicode": "e6e1",
      "unicode_decimal": 59105
    },
    {
      "icon_id": "12848244",
      "name": "单选按钮",
      "font_class": "tishi",
      "unicode": "e605",
      "unicode_decimal": 58885
    },
    {
      "icon_id": "29686612",
      "name": "单选按钮",
      "font_class": "ico2",
      "unicode": "e51a",
      "unicode_decimal": 58650
    }
  ]
}
